"name","nameEng","description"
"제품1","product1","제품1 설명"
"제품2","product2","제품2 설명"
"제품3","product3","제품3 설명"
"제품4","product4","제품4 설명"
"제품5","product5","제품5 설명"
"제품6","product6","제품6 설명"
"제품7","product7","제품7 설명"
"제품8","product8","제품8 설명"
"제품9","product9","제품9 설명"
"제품10","product10","제품10 설명"
"제품11","product11","제품11 설명"
"제품12","product12","제품12 설명"
"제품13","product13","제품13 설명"
"제품14","product14","제품14 설명"
"제품15","product15","제품15 설명"
"제품16","product16","제품16 설명"
"제품17","product17","제품17 설명"
"제품18","product18","제품18 설명"
"제품19","product19","제품19 설명"
"제품20","product20","제품20 설명"
"제품21","product21","제품21 설명"
"제품22","product22","제품22 설명"
"제품23","product23","제품23 설명"
"제품24","product24","제품24 설명"
"제품25","product25","제품25 설명"
"제품26","product26","제품26 설명"
"제품27","product27","제품27 설명"
"제품28","product28","제품28 설명"
"제품29","product29","제품29 설명"
"제품30","product30","제품30 설명"
"제품31","product31","제품31 설명"
"제품32","product32","제품32 설명"
"제품33","product33","제품33 설명"
"제품34","product34","제품34 설명"
"제품35","product35","제품35 설명"
"제품36","product36","제품36 설명"
"제품37","product37","제품37 설명"
"제품38","product38","제품38 설명"
"제품39","product39","제품39 설명"
"제품40","product40","제품40 설명"
"제품41","product41","제품41 설명"
"제품42","product42","제품42 설명"
"제품43","product43","제품43 설명"
"제품44","product44","제품44 설명"
"제품45","product45","제품45 설명"
"제품46","product46","제품46 설명"
"제품47","product47","제품47 설명"
"제품48","product48","제품48 설명"
"제품49","product49","제품49 설명"
"제품50","product50","제품50 설명"
"제품51","product51","제품51 설명"
"제품52","product52","제품52 설명"
"제품53","product53","제품53 설명"
"제품54","product54","제품54 설명"
"제품55","product55","제품55 설명"
"제품56","product56","제품56 설명"
"제품57","product57","제품57 설명"
"제품58","product58","제품58 설명"
"제품59","product59","제품59 설명"
"제품60","product60","제품60 설명"
"제품61","product61","제품61 설명"
"제품62","product62","제품62 설명"
"제품63","product63","제품63 설명"
"제품64","product64","제품64 설명"
"제품65","product65","제품65 설명"
"제품66","product66","제품66 설명"
"제품67","product67","제품67 설명"
"제품68","product68","제품68 설명"
"제품69","product69","제품69 설명"
"제품70","product70","제품70 설명"
"제품71","product71","제품71 설명"
"제품72","product72","제품72 설명"
"제품73","product73","제품73 설명"
"제품74","product74","제품74 설명"
"제품75","product75","제품75 설명"
"제품76","product76","제품76 설명"
"제품77","product77","제품77 설명"
"제품78","product78","제품78 설명"
"제품79","product79","제품79 설명"
"제품80","product80","제품80 설명"
"제품81","product81","제품81 설명"
"제품82","product82","제품82 설명"
"제품83","product83","제품83 설명"
"제품84","product84","제품84 설명"
"제품85","product85","제품85 설명"
"제품86","product86","제품86 설명"
"제품87","product87","제품87 설명"
"제품88","product88","제품88 설명"
"제품89","product89","제품89 설명"
"제품90","product90","제품90 설명"
"제품91","product91","제품91 설명"
"제품92","product92","제품92 설명"
"제품93","product93","제품93 설명"
"제품94","product94","제품94 설명"
"제품95","product95","제품95 설명"
"제품96","product96","제품96 설명"
"제품97","product97","제품97 설명"
"제품98","product98","제품98 설명"
"제품99","product99","제품99 설명"
"제품100","product100","제품100 설명"
"제품101","product101","제품101 설명"
"제품102","product102","제품102 설명"
"제품103","product103","제품103 설명"
"제품104","product104","제품104 설명"
"제품105","product105","제품105 설명"
"제품106","product106","제품106 설명"
"제품107","product107","제품107 설명"
"제품108","product108","제품108 설명"
"제품109","product109","제품109 설명"
"제품110","product110","제품110 설명"
"제품111","product111","제품111 설명"
"제품112","product112","제품112 설명"
"제품113","product113","제품113 설명"
"제품114","product114","제품114 설명"
"제품115","product115","제품115 설명"
"제품116","product116","제품116 설명"
"제품117","product117","제품117 설명"
"제품118","product118","제품118 설명"
"제품119","product119","제품119 설명"
"제품120","product120","제품120 설명"
"제품121","product121","제품121 설명"
"제품122","product122","제품122 설명"
"제품123","product123","제품123 설명"
"제품124","product124","제품124 설명"
"제품125","product125","제품125 설명"
"제품126","product126","제품126 설명"
"제품127","product127","제품127 설명"
"제품128","product128","제품128 설명"
"제품129","product129","제품129 설명"
"제품130","product130","제품130 설명"
"제품131","product131","제품131 설명"
"제품132","product132","제품132 설명"
"제품133","product133","제품133 설명"
"제품134","product134","제품134 설명"
"제품135","product135","제품135 설명"
"제품136","product136","제품136 설명"
"제품137","product137","제품137 설명"
"제품138","product138","제품138 설명"
"제품139","product139","제품139 설명"
"제품140","product140","제품140 설명"
"제품141","product141","제품141 설명"
"제품142","product142","제품142 설명"
"제품143","product143","제품143 설명"
"제품144","product144","제품144 설명"
"제품145","product145","제품145 설명"
"제품146","product146","제품146 설명"
"제품147","product147","제품147 설명"
"제품148","product148","제품148 설명"
"제품149","product149","제품149 설명"
"제품150","product150","제품150 설명"
"제품151","product151","제품151 설명"
"제품152","product152","제품152 설명"
"제품153","product153","제품153 설명"
"제품154","product154","제품154 설명"
"제품155","product155","제품155 설명"
"제품156","product156","제품156 설명"
"제품157","product157","제품157 설명"
"제품158","product158","제품158 설명"
"제품159","product159","제품159 설명"
"제품160","product160","제품160 설명"
"제품161","product161","제품161 설명"
"제품162","product162","제품162 설명"
"제품163","product163","제품163 설명"
"제품164","product164","제품164 설명"
"제품165","product165","제품165 설명"
"제품166","product166","제품166 설명"
"제품167","product167","제품167 설명"
"제품168","product168","제품168 설명"
"제품169","product169","제품169 설명"
"제품170","product170","제품170 설명"
"제품171","product171","제품171 설명"
"제품172","product172","제품172 설명"
"제품173","product173","제품173 설명"
"제품174","product174","제품174 설명"
"제품175","product175","제품175 설명"
"제품176","product176","제품176 설명"
"제품177","product177","제품177 설명"
"제품178","product178","제품178 설명"
"제품179","product179","제품179 설명"
"제품180","product180","제품180 설명"
"제품181","product181","제품181 설명"
"제품182","product182","제품182 설명"
"제품183","product183","제품183 설명"
"제품184","product184","제품184 설명"
"제품185","product185","제품185 설명"
"제품186","product186","제품186 설명"
"제품187","product187","제품187 설명"
"제품188","product188","제품188 설명"
"제품189","product189","제품189 설명"
"제품190","product190","제품190 설명"
"제품191","product191","제품191 설명"
"제품192","product192","제품192 설명"
"제품193","product193","제품193 설명"
"제품194","product194","제품194 설명"
"제품195","product195","제품195 설명"
"제품196","product196","제품196 설명"
"제품197","product197","제품197 설명"
"제품198","product198","제품198 설명"
"제품199","product199","제품199 설명"
"제품200","product200","제품200 설명"
"제품201","product201","제품201 설명"
"제품202","product202","제품202 설명"
"제품203","product203","제품203 설명"
"제품204","product204","제품204 설명"
"제품205","product205","제품205 설명"
"제품206","product206","제품206 설명"
"제품207","product207","제품207 설명"
"제품208","product208","제품208 설명"
"제품209","product209","제품209 설명"
"제품210","product210","제품210 설명"
"제품211","product211","제품211 설명"
"제품212","product212","제품212 설명"
"제품213","product213","제품213 설명"
"제품214","product214","제품214 설명"
"제품215","product215","제품215 설명"
"제품216","product216","제품216 설명"
"제품217","product217","제품217 설명"
"제품218","product218","제품218 설명"
"제품219","product219","제품219 설명"
"제품220","product220","제품220 설명"
"제품221","product221","제품221 설명"
"제품222","product222","제품222 설명"
"제품223","product223","제품223 설명"
"제품224","product224","제품224 설명"
"제품225","product225","제품225 설명"
"제품226","product226","제품226 설명"
"제품227","product227","제품227 설명"
"제품228","product228","제품228 설명"
"제품229","product229","제품229 설명"
"제품230","product230","제품230 설명"
"제품231","product231","제품231 설명"
"제품232","product232","제품232 설명"
"제품233","product233","제품233 설명"
"제품234","product234","제품234 설명"
"제품235","product235","제품235 설명"
"제품236","product236","제품236 설명"
"제품237","product237","제품237 설명"
"제품238","product238","제품238 설명"
"제품239","product239","제품239 설명"
"제품240","product240","제품240 설명"
"제품241","product241","제품241 설명"
"제품242","product242","제품242 설명"
"제품243","product243","제품243 설명"
"제품244","product244","제품244 설명"
"제품245","product245","제품245 설명"
"제품246","product246","제품246 설명"
"제품247","product247","제품247 설명"
"제품248","product248","제품248 설명"
"제품249","product249","제품249 설명"
"제품250","product250","제품250 설명"
"제품251","product251","제품251 설명"
"제품252","product252","제품252 설명"
"제품253","product253","제품253 설명"
"제품254","product254","제품254 설명"
"제품255","product255","제품255 설명"
"제품256","product256","제품256 설명"
"제품257","product257","제품257 설명"
"제품258","product258","제품258 설명"
"제품259","product259","제품259 설명"
"제품260","product260","제품260 설명"
"제품261","product261","제품261 설명"
"제품262","product262","제품262 설명"
"제품263","product263","제품263 설명"
"제품264","product264","제품264 설명"
"제품265","product265","제품265 설명"
"제품266","product266","제품266 설명"
"제품267","product267","제품267 설명"
"제품268","product268","제품268 설명"
"제품269","product269","제품269 설명"
"제품270","product270","제품270 설명"
"제품271","product271","제품271 설명"
"제품272","product272","제품272 설명"
"제품273","product273","제품273 설명"
"제품274","product274","제품274 설명"
"제품275","product275","제품275 설명"
"제품276","product276","제품276 설명"
"제품277","product277","제품277 설명"
"제품278","product278","제품278 설명"
"제품279","product279","제품279 설명"
"제품280","product280","제품280 설명"
"제품281","product281","제품281 설명"
"제품282","product282","제품282 설명"
"제품283","product283","제품283 설명"
"제품284","product284","제품284 설명"
"제품285","product285","제품285 설명"
"제품286","product286","제품286 설명"
"제품287","product287","제품287 설명"
"제품288","product288","제품288 설명"
"제품289","product289","제품289 설명"
"제품290","product290","제품290 설명"
"제품291","product291","제품291 설명"
"제품292","product292","제품292 설명"
"제품293","product293","제품293 설명"
"제품294","product294","제품294 설명"
"제품295","product295","제품295 설명"
"제품296","product296","제품296 설명"
"제품297","product297","제품297 설명"
"제품298","product298","제품298 설명"
"제품299","product299","제품299 설명"
"제품300","product300","제품300 설명"
"제품301","product301","제품301 설명"
"제품302","product302","제품302 설명"
"제품303","product303","제품303 설명"
"제품304","product304","제품304 설명"
"제품305","product305","제품305 설명"
"제품306","product306","제품306 설명"
"제품307","product307","제품307 설명"
"제품308","product308","제품308 설명"
"제품309","product309","제품309 설명"
"제품310","product310","제품310 설명"
"제품311","product311","제품311 설명"
"제품312","product312","제품312 설명"
"제품313","product313","제품313 설명"
"제품314","product314","제품314 설명"
"제품315","product315","제품315 설명"
"제품316","product316","제품316 설명"
"제품317","product317","제품317 설명"
"제품318","product318","제품318 설명"
"제품319","product319","제품319 설명"
"제품320","product320","제품320 설명"
"제품321","product321","제품321 설명"
"제품322","product322","제품322 설명"
"제품323","product323","제품323 설명"
"제품324","product324","제품324 설명"
"제품325","product325","제품325 설명"
"제품326","product326","제품326 설명"
"제품327","product327","제품327 설명"
"제품328","product328","제품328 설명"
"제품329","product329","제품329 설명"
"제품330","product330","제품330 설명"
"제품331","product331","제품331 설명"
"제품332","product332","제품332 설명"
"제품333","product333","제품333 설명"
"제품334","product334","제품334 설명"
"제품335","product335","제품335 설명"
"제품336","product336","제품336 설명"
"제품337","product337","제품337 설명"
"제품338","product338","제품338 설명"
"제품339","product339","제품339 설명"
"제품340","product340","제품340 설명"
"제품341","product341","제품341 설명"
"제품342","product342","제품342 설명"
"제품343","product343","제품343 설명"
"제품344","product344","제품344 설명"
"제품345","product345","제품345 설명"
"제품346","product346","제품346 설명"
"제품347","product347","제품347 설명"
"제품348","product348","제품348 설명"
"제품349","product349","제품349 설명"
"제품350","product350","제품350 설명"
"제품351","product351","제품351 설명"
"제품352","product352","제품352 설명"
"제품353","product353","제품353 설명"
"제품354","product354","제품354 설명"
"제품355","product355","제품355 설명"
"제품356","product356","제품356 설명"
"제품357","product357","제품357 설명"
"제품358","product358","제품358 설명"
"제품359","product359","제품359 설명"
"제품360","product360","제품360 설명"
"제품361","product361","제품361 설명"
"제품362","product362","제품362 설명"
"제품363","product363","제품363 설명"
"제품364","product364","제품364 설명"
"제품365","product365","제품365 설명"
"제품366","product366","제품366 설명"
"제품367","product367","제품367 설명"
"제품368","product368","제품368 설명"
"제품369","product369","제품369 설명"
"제품370","product370","제품370 설명"
"제품371","product371","제품371 설명"
"제품372","product372","제품372 설명"
"제품373","product373","제품373 설명"
"제품374","product374","제품374 설명"
"제품375","product375","제품375 설명"
"제품376","product376","제품376 설명"
"제품377","product377","제품377 설명"
"제품378","product378","제품378 설명"
"제품379","product379","제품379 설명"
"제품380","product380","제품380 설명"
"제품381","product381","제품381 설명"
"제품382","product382","제품382 설명"
"제품383","product383","제품383 설명"
"제품384","product384","제품384 설명"
"제품385","product385","제품385 설명"
"제품386","product386","제품386 설명"
"제품387","product387","제품387 설명"
"제품388","product388","제품388 설명"
"제품389","product389","제품389 설명"
"제품390","product390","제품390 설명"
"제품391","product391","제품391 설명"
"제품392","product392","제품392 설명"
"제품393","product393","제품393 설명"
"제품394","product394","제품394 설명"
"제품395","product395","제품395 설명"
"제품396","product396","제품396 설명"
"제품397","product397","제품397 설명"
"제품398","product398","제품398 설명"
"제품399","product399","제품399 설명"
"제품400","product400","제품400 설명"
"제품401","product401","제품401 설명"
"제품402","product402","제품402 설명"
"제품403","product403","제품403 설명"
"제품404","product404","제품404 설명"
"제품405","product405","제품405 설명"
"제품406","product406","제품406 설명"
"제품407","product407","제품407 설명"
"제품408","product408","제품408 설명"
"제품409","product409","제품409 설명"
"제품410","product410","제품410 설명"
"제품411","product411","제품411 설명"
"제품412","product412","제품412 설명"
"제품413","product413","제품413 설명"
"제품414","product414","제품414 설명"
"제품415","product415","제품415 설명"
"제품416","product416","제품416 설명"
"제품417","product417","제품417 설명"
"제품418","product418","제품418 설명"
"제품419","product419","제품419 설명"
"제품420","product420","제품420 설명"
"제품421","product421","제품421 설명"
"제품422","product422","제품422 설명"
"제품423","product423","제품423 설명"
"제품424","product424","제품424 설명"
"제품425","product425","제품425 설명"
"제품426","product426","제품426 설명"
"제품427","product427","제품427 설명"
"제품428","product428","제품428 설명"
"제품429","product429","제품429 설명"
"제품430","product430","제품430 설명"
"제품431","product431","제품431 설명"
"제품432","product432","제품432 설명"
"제품433","product433","제품433 설명"
"제품434","product434","제품434 설명"
"제품435","product435","제품435 설명"
"제품436","product436","제품436 설명"
"제품437","product437","제품437 설명"
"제품438","product438","제품438 설명"
"제품439","product439","제품439 설명"
"제품440","product440","제품440 설명"
"제품441","product441","제품441 설명"
"제품442","product442","제품442 설명"
"제품443","product443","제품443 설명"
"제품444","product444","제품444 설명"
"제품445","product445","제품445 설명"
"제품446","product446","제품446 설명"
"제품447","product447","제품447 설명"
"제품448","product448","제품448 설명"
"제품449","product449","제품449 설명"
"제품450","product450","제품450 설명"
"제품451","product451","제품451 설명"
"제품452","product452","제품452 설명"
"제품453","product453","제품453 설명"
"제품454","product454","제품454 설명"
"제품455","product455","제품455 설명"
"제품456","product456","제품456 설명"
"제품457","product457","제품457 설명"
"제품458","product458","제품458 설명"
"제품459","product459","제품459 설명"
"제품460","product460","제품460 설명"
"제품461","product461","제품461 설명"
"제품462","product462","제품462 설명"
"제품463","product463","제품463 설명"
"제품464","product464","제품464 설명"
"제품465","product465","제품465 설명"
"제품466","product466","제품466 설명"
"제품467","product467","제품467 설명"
"제품468","product468","제품468 설명"
"제품469","product469","제품469 설명"
"제품470","product470","제품470 설명"
"제품471","product471","제품471 설명"
"제품472","product472","제품472 설명"
"제품473","product473","제품473 설명"
"제품474","product474","제품474 설명"
"제품475","product475","제품475 설명"
"제품476","product476","제품476 설명"
"제품477","product477","제품477 설명"
"제품478","product478","제품478 설명"
"제품479","product479","제품479 설명"
"제품480","product480","제품480 설명"
"제품481","product481","제품481 설명"
"제품482","product482","제품482 설명"
"제품483","product483","제품483 설명"
"제품484","product484","제품484 설명"
"제품485","product485","제품485 설명"
"제품486","product486","제품486 설명"
"제품487","product487","제품487 설명"
"제품488","product488","제품488 설명"
"제품489","product489","제품489 설명"
"제품490","product490","제품490 설명"
"제품491","product491","제품491 설명"
"제품492","product492","제품492 설명"
"제품493","product493","제품493 설명"
"제품494","product494","제품494 설명"
"제품495","product495","제품495 설명"
"제품496","product496","제품496 설명"
"제품497","product497","제품497 설명"
"제품498","product498","제품498 설명"
"제품499","product499","제품499 설명"
"제품500","product500","제품500 설명"
"제품501","product501","제품501 설명"
"제품502","product502","제품502 설명"
"제품503","product503","제품503 설명"
"제품504","product504","제품504 설명"
"제품505","product505","제품505 설명"
"제품506","product506","제품506 설명"
"제품507","product507","제품507 설명"
"제품508","product508","제품508 설명"
"제품509","product509","제품509 설명"
"제품510","product510","제품510 설명"
"제품511","product511","제품511 설명"
"제품512","product512","제품512 설명"
"제품513","product513","제품513 설명"
"제품514","product514","제품514 설명"
"제품515","product515","제품515 설명"
"제품516","product516","제품516 설명"
"제품517","product517","제품517 설명"
"제품518","product518","제품518 설명"
"제품519","product519","제품519 설명"
"제품520","product520","제품520 설명"
"제품521","product521","제품521 설명"
"제품522","product522","제품522 설명"
"제품523","product523","제품523 설명"
"제품524","product524","제품524 설명"
"제품525","product525","제품525 설명"
"제품526","product526","제품526 설명"
"제품527","product527","제품527 설명"
"제품528","product528","제품528 설명"
"제품529","product529","제품529 설명"
"제품530","product530","제품530 설명"
"제품531","product531","제품531 설명"
"제품532","product532","제품532 설명"
"제품533","product533","제품533 설명"
"제품534","product534","제품534 설명"
"제품535","product535","제품535 설명"
"제품536","product536","제품536 설명"
"제품537","product537","제품537 설명"
"제품538","product538","제품538 설명"
"제품539","product539","제품539 설명"
"제품540","product540","제품540 설명"
"제품541","product541","제품541 설명"
"제품542","product542","제품542 설명"
"제품543","product543","제품543 설명"
"제품544","product544","제품544 설명"
"제품545","product545","제품545 설명"
"제품546","product546","제품546 설명"
"제품547","product547","제품547 설명"
"제품548","product548","제품548 설명"
"제품549","product549","제품549 설명"
"제품550","product550","제품550 설명"
"제품551","product551","제품551 설명"
"제품552","product552","제품552 설명"
"제품553","product553","제품553 설명"
"제품554","product554","제품554 설명"
"제품555","product555","제품555 설명"
"제품556","product556","제품556 설명"
"제품557","product557","제품557 설명"
"제품558","product558","제품558 설명"
"제품559","product559","제품559 설명"
"제품560","product560","제품560 설명"
"제품561","product561","제품561 설명"
"제품562","product562","제품562 설명"
"제품563","product563","제품563 설명"
"제품564","product564","제품564 설명"
"제품565","product565","제품565 설명"
"제품566","product566","제품566 설명"
"제품567","product567","제품567 설명"
"제품568","product568","제품568 설명"
"제품569","product569","제품569 설명"
"제품570","product570","제품570 설명"
"제품571","product571","제품571 설명"
"제품572","product572","제품572 설명"
"제품573","product573","제품573 설명"
"제품574","product574","제품574 설명"
"제품575","product575","제품575 설명"
"제품576","product576","제품576 설명"
"제품577","product577","제품577 설명"
"제품578","product578","제품578 설명"
"제품579","product579","제품579 설명"
"제품580","product580","제품580 설명"
"제품581","product581","제품581 설명"
"제품582","product582","제품582 설명"
"제품583","product583","제품583 설명"
"제품584","product584","제품584 설명"
"제품585","product585","제품585 설명"
"제품586","product586","제품586 설명"
"제품587","product587","제품587 설명"
"제품588","product588","제품588 설명"
"제품589","product589","제품589 설명"
"제품590","product590","제품590 설명"
"제품591","product591","제품591 설명"
"제품592","product592","제품592 설명"
"제품593","product593","제품593 설명"
"제품594","product594","제품594 설명"
"제품595","product595","제품595 설명"
"제품596","product596","제품596 설명"
"제품597","product597","제품597 설명"
"제품598","product598","제품598 설명"
"제품599","product599","제품599 설명"
"제품600","product600","제품600 설명"
"제품601","product601","제품601 설명"
"제품602","product602","제품602 설명"
"제품603","product603","제품603 설명"
"제품604","product604","제품604 설명"
"제품605","product605","제품605 설명"
"제품606","product606","제품606 설명"
"제품607","product607","제품607 설명"
"제품608","product608","제품608 설명"
"제품609","product609","제품609 설명"
"제품610","product610","제품610 설명"
"제품611","product611","제품611 설명"
"제품612","product612","제품612 설명"
"제품613","product613","제품613 설명"
"제품614","product614","제품614 설명"
"제품615","product615","제품615 설명"
"제품616","product616","제품616 설명"
"제품617","product617","제품617 설명"
"제품618","product618","제품618 설명"
"제품619","product619","제품619 설명"
"제품620","product620","제품620 설명"
"제품621","product621","제품621 설명"
"제품622","product622","제품622 설명"
"제품623","product623","제품623 설명"
"제품624","product624","제품624 설명"
"제품625","product625","제품625 설명"
"제품626","product626","제품626 설명"
"제품627","product627","제품627 설명"
"제품628","product628","제품628 설명"
"제품629","product629","제품629 설명"
"제품630","product630","제품630 설명"
"제품631","product631","제품631 설명"
"제품632","product632","제품632 설명"
"제품633","product633","제품633 설명"
"제품634","product634","제품634 설명"
"제품635","product635","제품635 설명"
"제품636","product636","제품636 설명"
"제품637","product637","제품637 설명"
"제품638","product638","제품638 설명"
"제품639","product639","제품639 설명"
"제품640","product640","제품640 설명"
"제품641","product641","제품641 설명"
"제품642","product642","제품642 설명"
"제품643","product643","제품643 설명"
"제품644","product644","제품644 설명"
"제품645","product645","제품645 설명"
"제품646","product646","제품646 설명"
"제품647","product647","제품647 설명"
"제품648","product648","제품648 설명"
"제품649","product649","제품649 설명"
"제품650","product650","제품650 설명"
"제품651","product651","제품651 설명"
"제품652","product652","제품652 설명"
"제품653","product653","제품653 설명"
"제품654","product654","제품654 설명"
"제품655","product655","제품655 설명"
"제품656","product656","제품656 설명"
"제품657","product657","제품657 설명"
"제품658","product658","제품658 설명"
"제품659","product659","제품659 설명"
"제품660","product660","제품660 설명"
"제품661","product661","제품661 설명"
"제품662","product662","제품662 설명"
"제품663","product663","제품663 설명"
"제품664","product664","제품664 설명"
"제품665","product665","제품665 설명"
"제품666","product666","제품666 설명"
"제품667","product667","제품667 설명"
"제품668","product668","제품668 설명"
"제품669","product669","제품669 설명"
"제품670","product670","제품670 설명"
"제품671","product671","제품671 설명"
"제품672","product672","제품672 설명"
"제품673","product673","제품673 설명"
"제품674","product674","제품674 설명"
"제품675","product675","제품675 설명"
"제품676","product676","제품676 설명"
"제품677","product677","제품677 설명"
"제품678","product678","제품678 설명"
"제품679","product679","제품679 설명"
"제품680","product680","제품680 설명"
"제품681","product681","제품681 설명"
"제품682","product682","제품682 설명"
"제품683","product683","제품683 설명"
"제품684","product684","제품684 설명"
"제품685","product685","제품685 설명"
"제품686","product686","제품686 설명"
"제품687","product687","제품687 설명"
"제품688","product688","제품688 설명"
"제품689","product689","제품689 설명"
"제품690","product690","제품690 설명"
"제품691","product691","제품691 설명"
"제품692","product692","제품692 설명"
"제품693","product693","제품693 설명"
"제품694","product694","제품694 설명"
"제품695","product695","제품695 설명"
"제품696","product696","제품696 설명"
"제품697","product697","제품697 설명"
"제품698","product698","제품698 설명"
"제품699","product699","제품699 설명"
"제품700","product700","제품700 설명"
"제품701","product701","제품701 설명"
"제품702","product702","제품702 설명"
"제품703","product703","제품703 설명"
"제품704","product704","제품704 설명"
"제품705","product705","제품705 설명"
"제품706","product706","제품706 설명"
"제품707","product707","제품707 설명"
"제품708","product708","제품708 설명"
"제품709","product709","제품709 설명"
"제품710","product710","제품710 설명"
"제품711","product711","제품711 설명"
"제품712","product712","제품712 설명"
"제품713","product713","제품713 설명"
"제품714","product714","제품714 설명"
"제품715","product715","제품715 설명"
"제품716","product716","제품716 설명"
"제품717","product717","제품717 설명"
"제품718","product718","제품718 설명"
"제품719","product719","제품719 설명"
"제품720","product720","제품720 설명"
"제품721","product721","제품721 설명"
"제품722","product722","제품722 설명"
"제품723","product723","제품723 설명"
"제품724","product724","제품724 설명"
"제품725","product725","제품725 설명"
"제품726","product726","제품726 설명"
"제품727","product727","제품727 설명"
"제품728","product728","제품728 설명"
"제품729","product729","제품729 설명"
"제품730","product730","제품730 설명"
"제품731","product731","제품731 설명"
"제품732","product732","제품732 설명"
"제품733","product733","제품733 설명"
"제품734","product734","제품734 설명"
"제품735","product735","제품735 설명"
"제품736","product736","제품736 설명"
"제품737","product737","제품737 설명"
"제품738","product738","제품738 설명"
"제품739","product739","제품739 설명"
"제품740","product740","제품740 설명"
"제품741","product741","제품741 설명"
"제품742","product742","제품742 설명"
"제품743","product743","제품743 설명"
"제품744","product744","제품744 설명"
"제품745","product745","제품745 설명"
"제품746","product746","제품746 설명"
"제품747","product747","제품747 설명"
"제품748","product748","제품748 설명"
"제품749","product749","제품749 설명"
"제품750","product750","제품750 설명"
"제품751","product751","제품751 설명"
"제품752","product752","제품752 설명"
"제품753","product753","제품753 설명"
"제품754","product754","제품754 설명"
"제품755","product755","제품755 설명"
"제품756","product756","제품756 설명"
"제품757","product757","제품757 설명"
"제품758","product758","제품758 설명"
"제품759","product759","제품759 설명"
"제품760","product760","제품760 설명"
"제품761","product761","제품761 설명"
"제품762","product762","제품762 설명"
"제품763","product763","제품763 설명"
"제품764","product764","제품764 설명"
"제품765","product765","제품765 설명"
"제품766","product766","제품766 설명"
"제품767","product767","제품767 설명"
"제품768","product768","제품768 설명"
"제품769","product769","제품769 설명"
"제품770","product770","제품770 설명"
"제품771","product771","제품771 설명"
"제품772","product772","제품772 설명"
"제품773","product773","제품773 설명"
"제품774","product774","제품774 설명"
"제품775","product775","제품775 설명"
"제품776","product776","제품776 설명"
"제품777","product777","제품777 설명"
"제품778","product778","제품778 설명"
"제품779","product779","제품779 설명"
"제품780","product780","제품780 설명"
"제품781","product781","제품781 설명"
"제품782","product782","제품782 설명"
"제품783","product783","제품783 설명"
"제품784","product784","제품784 설명"
"제품785","product785","제품785 설명"
"제품786","product786","제품786 설명"
"제품787","product787","제품787 설명"
"제품788","product788","제품788 설명"
"제품789","product789","제품789 설명"
"제품790","product790","제품790 설명"
"제품791","product791","제품791 설명"
"제품792","product792","제품792 설명"
"제품793","product793","제품793 설명"
"제품794","product794","제품794 설명"
"제품795","product795","제품795 설명"
"제품796","product796","제품796 설명"
"제품797","product797","제품797 설명"
"제품798","product798","제품798 설명"
"제품799","product799","제품799 설명"
"제품800","product800","제품800 설명"
"제품801","product801","제품801 설명"
"제품802","product802","제품802 설명"
"제품803","product803","제품803 설명"
"제품804","product804","제품804 설명"
"제품805","product805","제품805 설명"
"제품806","product806","제품806 설명"
"제품807","product807","제품807 설명"
"제품808","product808","제품808 설명"
"제품809","product809","제품809 설명"
"제품810","product810","제품810 설명"
"제품811","product811","제품811 설명"
"제품812","product812","제품812 설명"
"제품813","product813","제품813 설명"
"제품814","product814","제품814 설명"
"제품815","product815","제품815 설명"
"제품816","product816","제품816 설명"
"제품817","product817","제품817 설명"
"제품818","product818","제품818 설명"
"제품819","product819","제품819 설명"
"제품820","product820","제품820 설명"
"제품821","product821","제품821 설명"
"제품822","product822","제품822 설명"
"제품823","product823","제품823 설명"
"제품824","product824","제품824 설명"
"제품825","product825","제품825 설명"
"제품826","product826","제품826 설명"
"제품827","product827","제품827 설명"
"제품828","product828","제품828 설명"
"제품829","product829","제품829 설명"
"제품830","product830","제품830 설명"
"제품831","product831","제품831 설명"
"제품832","product832","제품832 설명"
"제품833","product833","제품833 설명"
"제품834","product834","제품834 설명"
"제품835","product835","제품835 설명"
"제품836","product836","제품836 설명"
"제품837","product837","제품837 설명"
"제품838","product838","제품838 설명"
"제품839","product839","제품839 설명"
"제품840","product840","제품840 설명"
"제품841","product841","제품841 설명"
"제품842","product842","제품842 설명"
"제품843","product843","제품843 설명"
"제품844","product844","제품844 설명"
"제품845","product845","제품845 설명"
"제품846","product846","제품846 설명"
"제품847","product847","제품847 설명"
"제품848","product848","제품848 설명"
"제품849","product849","제품849 설명"
"제품850","product850","제품850 설명"
"제품851","product851","제품851 설명"
"제품852","product852","제품852 설명"
"제품853","product853","제품853 설명"
"제품854","product854","제품854 설명"
"제품855","product855","제품855 설명"
"제품856","product856","제품856 설명"
"제품857","product857","제품857 설명"
"제품858","product858","제품858 설명"
"제품859","product859","제품859 설명"
"제품860","product860","제품860 설명"
"제품861","product861","제품861 설명"
"제품862","product862","제품862 설명"
"제품863","product863","제품863 설명"
"제품864","product864","제품864 설명"
"제품865","product865","제품865 설명"
"제품866","product866","제품866 설명"
"제품867","product867","제품867 설명"
"제품868","product868","제품868 설명"
"제품869","product869","제품869 설명"
"제품870","product870","제품870 설명"
"제품871","product871","제품871 설명"
"제품872","product872","제품872 설명"
"제품873","product873","제품873 설명"
"제품874","product874","제품874 설명"
"제품875","product875","제품875 설명"
"제품876","product876","제품876 설명"
"제품877","product877","제품877 설명"
"제품878","product878","제품878 설명"
"제품879","product879","제품879 설명"
"제품880","product880","제품880 설명"
"제품881","product881","제품881 설명"
"제품882","product882","제품882 설명"
"제품883","product883","제품883 설명"
"제품884","product884","제품884 설명"
"제품885","product885","제품885 설명"
"제품886","product886","제품886 설명"
"제품887","product887","제품887 설명"
"제품888","product888","제품888 설명"
"제품889","product889","제품889 설명"
"제품890","product890","제품890 설명"
"제품891","product891","제품891 설명"
"제품892","product892","제품892 설명"
"제품893","product893","제품893 설명"
"제품894","product894","제품894 설명"
"제품895","product895","제품895 설명"
"제품896","product896","제품896 설명"
"제품897","product897","제품897 설명"
"제품898","product898","제품898 설명"
"제품899","product899","제품899 설명"
"제품900","product900","제품900 설명"
"제품901","product901","제품901 설명"
"제품902","product902","제품902 설명"
"제품903","product903","제품903 설명"
"제품904","product904","제품904 설명"
"제품905","product905","제품905 설명"
"제품906","product906","제품906 설명"
"제품907","product907","제품907 설명"
"제품908","product908","제품908 설명"
"제품909","product909","제품909 설명"
"제품910","product910","제품910 설명"
"제품911","product911","제품911 설명"
"제품912","product912","제품912 설명"
"제품913","product913","제품913 설명"
"제품914","product914","제품914 설명"
"제품915","product915","제품915 설명"
"제품916","product916","제품916 설명"
"제품917","product917","제품917 설명"
"제품918","product918","제품918 설명"
"제품919","product919","제품919 설명"
"제품920","product920","제품920 설명"
"제품921","product921","제품921 설명"
"제품922","product922","제품922 설명"
"제품923","product923","제품923 설명"
"제품924","product924","제품924 설명"
"제품925","product925","제품925 설명"
"제품926","product926","제품926 설명"
"제품927","product927","제품927 설명"
"제품928","product928","제품928 설명"
"제품929","product929","제품929 설명"
"제품930","product930","제품930 설명"
"제품931","product931","제품931 설명"
"제품932","product932","제품932 설명"
"제품933","product933","제품933 설명"
"제품934","product934","제품934 설명"
"제품935","product935","제품935 설명"
"제품936","product936","제품936 설명"
"제품937","product937","제품937 설명"
"제품938","product938","제품938 설명"
"제품939","product939","제품939 설명"
"제품940","product940","제품940 설명"
"제품941","product941","제품941 설명"
"제품942","product942","제품942 설명"
"제품943","product943","제품943 설명"
"제품944","product944","제품944 설명"
"제품945","product945","제품945 설명"
"제품946","product946","제품946 설명"
"제품947","product947","제품947 설명"
"제품948","product948","제품948 설명"
"제품949","product949","제품949 설명"
"제품950","product950","제품950 설명"
"제품951","product951","제품951 설명"
"제품952","product952","제품952 설명"
"제품953","product953","제품953 설명"
"제품954","product954","제품954 설명"
"제품955","product955","제품955 설명"
"제품956","product956","제품956 설명"
"제품957","product957","제품957 설명"
"제품958","product958","제품958 설명"
"제품959","product959","제품959 설명"
"제품960","product960","제품960 설명"
"제품961","product961","제품961 설명"
"제품962","product962","제품962 설명"
"제품963","product963","제품963 설명"
"제품964","product964","제품964 설명"
"제품965","product965","제품965 설명"
"제품966","product966","제품966 설명"
"제품967","product967","제품967 설명"
"제품968","product968","제품968 설명"
"제품969","product969","제품969 설명"
"제품970","product970","제품970 설명"
"제품971","product971","제품971 설명"
"제품972","product972","제품972 설명"
"제품973","product973","제품973 설명"
"제품974","product974","제품974 설명"
"제품975","product975","제품975 설명"
"제품976","product976","제품976 설명"
"제품977","product977","제품977 설명"
"제품978","product978","제품978 설명"
"제품979","product979","제품979 설명"
"제품980","product980","제품980 설명"
"제품981","product981","제품981 설명"
"제품982","product982","제품982 설명"
"제품983","product983","제품983 설명"
"제품984","product984","제품984 설명"
"제품985","product985","제품985 설명"
"제품986","product986","제품986 설명"
"제품987","product987","제품987 설명"
"제품988","product988","제품988 설명"
"제품989","product989","제품989 설명"
"제품990","product990","제품990 설명"
"제품991","product991","제품991 설명"
"제품992","product992","제품992 설명"
"제품993","product993","제품993 설명"
"제품994","product994","제품994 설명"
"제품995","product995","제품995 설명"
"제품996","product996","제품996 설명"
"제품997","product997","제품997 설명"
"제품998","product998","제품998 설명"
"제품999","product999","제품999 설명"
"제품1000","product1000","제품1000 설명"